Book Name,Rating,Price
It's Only the Himalayas,Two,Â£45.17
Full Moon over Noahâs Ark: An Odyssey to Mount Ararat and Beyond,Four,Â£49.43
See America: A Celebration of Our National Parks & Treasured Sites,Three,Â£48.87
Vagabonding: An Uncommon Guide to the Art of Long-Term World Travel,Two,Â£36.94
Under the Tuscan Sun,Three,Â£37.33
A Summer In Europe,Two,Â£44.34
The Great Railway Bazaar,One,Â£30.54
A Year in Provence (Provence #1),Four,Â£56.88
The Road to Little Dribbling: Adventures of an American in Britain (Notes From a Small Island #2),One,Â£23.21
Neither Here nor There: Travels in Europe,Three,Â£38.95
"1,000 Places to See Before You Die",Five,Â£26.08
